{
    "loss": 7.332542419433594,
    "accuracy": 0.4313725531101227
}