{
    "loss": 20.769214630126953,
    "accuracy": 0.5686274766921997
}